4963, elements in this list
MD2,	,1
CRR,	,1
NFR,	,1
SS8,	,1
$77,	,1
Wha,	,1
ADm,	,1
Enb,	,1
MEN,	,1
UQA,	,1
"NS
",	,1
PWC,	,1
IAS,	,1
Ril,	,1
MCB,	,1
Fur,	,1
46t,	,1
Bed,	,1
CH-,	,1
LIT,	,1
UBC,	,1
OKW,	,1
BLE,	,1
EVV,	,1
GER,	,1
MIX,	,1
EID,	,1
Poa,	,1
C.H,	,1
MDD,	,1
"ED
",	,1
Nit,	,1
McL,	,1
TTB,	,1
PGT,	,1
PR ,	,1
SPO,	,1
"Er
",	,1
BNL,	,1
iJE,	,1
Kod,	,1
Syp,	,1
JSS,	,1
i2P,	,1
TPY,	,1
NVS,	,1
TPS,	,1
Poc,	,1
Bai,	,1
Sik,	,1
HGT,	,1
vCG,	,1
PAI,	,1
624,	,1
IGA,	,1
NIW,	,1
457,	,1
MTM,	,1
TLC,	,1
LMH,	,1
FTS,	,1
"a
",	,1
LNE,	,1
"TX
",	,1
Osh,	,1
FMR,	,1
UMF,	,1
ESA,	,1
LNI,	,1
SHQ,	,1
EMB,	,1
JLO,	,1
QEC,	,1
IAP,	,1
Cac,	,1
C/o,	,1
GoA,	,1
Vor,	,1
Oki,	,1
TKG,	,1
BCG,	,1
PII,	,1
PRR,	,1
FLH,	,1
Pop,	,1
M&R,	,1
Ler,	,1
"""Hu",	,1
WAL,	,1
AWC,	,1
WPP,	,1
JAC,	,1
RTP,	,1
VHE,	,1
Swa,	,1
CA`,	,1
Pow,	,1
"OU
",	,1
"BC
",	,1
TPL,	,1
"""Bl",	,1
OLY,	,1
CBM,	,1
"DC
",	,1
KOI,	,1
LAX,	,1
Hi ,	,1
Mea,	,1
"PA
",	,1
Alg,	,1
TXE,	,1
R&E,	,1
"Q2
",	,1
CNT,	,1
Hew,	,1
Saq,	,1
FPK,	,1
DEE,	,1
MOE,	,1
"YU
",	,1
CoC,	,1
TFG,	,1
ESL,	,1
Eul,	,1
M11,	,1
GCM,	,1
iCE,	,1
com,	,1
156,	,1
E-I,	,1
 Ha,	,1
FSP,	,1
OFH,	,1
CLU,	,1
024,	,1
NIE,	,1
Ime,	,1
TBI,	,1
SDA,	,1
Mam,	,1
G-A,	,1
"CU
",	,1
OS ,	,1
XO ,	,1
RFE,	,1
VMM,	,1
CHF,	,1
NHG,	,1
McM,	,1
ETF,	,1
En ,	,1
 AR,	,1
Saf,	,1
NIG,	,1
Kni,	,1
4 N,	,1
Bol,	,1
Nap,	,1
 Na,	,1
DOV,	,1
 FR,	,1
"GU
",	,1
72 ,	,1
Ses,	,1
HIV,	,1
OAK,	,1
Pt.,	,1
IN-,	,1
Pt ,	,1
RDS,	,1
Rot,	,1
ADS,	,1
"UK
",	,1
COF,	,1
103,	,1
TBC,	,1
ESO,	,1
 Jo,	,1
UGO,	,1
SJU,	,1
FDM,	,1
PJM,	,1
"""Hi",	,1
UWG,	,1
WST,	,1
EEO,	,1
SoS,	,1
BTF,	,1
"LH
",	,1
Pap,	,1
Ivy,	,1
`NY,	,1
SMA,	,1
eq3,	,1
Cib,	,1
PUR,	,1
TAO,	,1
OBS,	,1
EGE,	,1
ALG,	,1
MQ9,	,1
126,	,1
MOH,	,1
ROC,	,1
Ris,	,1
UAU,	,1
"""SR",	,1
"""CR",	,1
"L-
",	,1
BDP,	,1
AVR,	,1
BOB,	,1
CJB,	,1
FDS,	,1
Lic,	,1
FFC,	,1
rhc,	,1
"FD
",	,1
OAA,	,1
CSJ,	,1
HOL,	,1
IAa,	,1
GTM,	,1
HSW,	,1
E-T,	,1
RBC,	,1
BNC,	,1
M76,	,1
BOM,	,1
PC ,	,1
1st,	,1
DEF,	,1
DNF,	,1
OPS,	,1
OKB,	,1
TBR,	,1
KEM,	,1
"MO
",	,1
Syl,	,1
780,	,1
JCR,	,1
Tir,	,1
   ,	,1
DSU,	,1
FCU,	,1
L 3,	,1
GFO,	,1
HOA,	,1
"PR
",	,1
 Al,	,1
BCO,	,1
CE ,	,1
CMV,	,1
DVA,	,1
DDD,	,1
ONC,	,1
HJ ,	,1
BFS,	,1
SEV,	,1
TD ,	,1
DGE,	,1
Ama,	,1
Jes,	,1
DPO,	,1
ONE,	,1
ADT,	,1
WCL,	,1
"ET
",	,1
HWS,	,1
YKH,	,1
"*
",	,1
CAU,	,1
VDL,	,1
MKA,	,1
"KY
",	,1
VBA,	,1
MHB,	,1
ERO,	,1
JSU,	,1
JC4,	,1
Aux,	,1
KCL,	,1
LAR,	,1
A G,	,1
THA,	,1
VAD,	,1
Xpe,	,1
WTS,	,1
tes,	,1
"NC
",	,1
Tay,	,1
1AG,	,1
Upp,	,1
CTF,	,1
ALT,	,1
Pru,	,1
NWR,	,1
"""Sa",	,1
Ec-,	,1
CLD,	,1
CPF,	,1
BUC,	,1
PDC,	,1
"UL
",	,1
O'K,	,1
"SK
",	,1
ups,	,1
JTL,	,1
MDN,	,1
SRT,	,1
BII,	,1
ALA,	,1
ATR,	,1
JOH,	,1
"""EB",	,1
Ces,	,1
Aqu,	,1
LOT,	,1
ENC,	,1
Sus,	,1
"NJ
",	,1
Hib,	,1
JWI,	,1
BAA,	,1
Cue,	,1
FAU,	,1
"MA
",	,1
72n,	,1
ODE,	,1
TCA,	,1
WUS,	,1
OFR,	,1
NAL,	,1
KAY,	,1
LFU,	,1
ARE,	,1
JDO,	,1
RIA,	,1
SHO,	,1
TDR,	,1
PMB,	,1
CF ,	,1
Mo ,	,1
Tok,	,1
FWS,	,1
BAL,	,1
UNH,	,1
SNH,	,1
vPO,	,1
DWD,	,1
NKO,	,1
CAl,	,1
IAB,	,1
MCH,	,1
eMe,	,1
24t,	,1
FBP,	,1
Sub,	,1
LIA,	,1
Dpt,	,1
"FS
",	,1
ETT,	,1
UBR,	,1
COD,	,1
"8
",	,1
BOL,	,1
TWA,	,1
DuP,	,1
VA?,	,1
LIS,	,1
I2W,	,1
Ita,	,1
HBG,	,1
JTN,	,1
"G1
",	,1
CHU,	,1
D2 ,	,1
92I,	,1
MSG,	,1
HCL,	,1
EPS,	,1
N. ,	,1
UNB,	,1
TIE,	,1
Dus,	,1
TES,	,1
"NV
",	,1
NEM,	,1
TXC,	,1
Oxy,	,1
Unt,	,1
ARG,	,1
VSU,	,1
Muc,	,1
509,	,1
Rit,	,1
aab,	,1
DWR,	,1
DFW,	,1
Git,	,1
eXp,	,1
MGU,	,1
RAN,	,1
ESB,	,1
SOS,	,1
WIU,	,1
OPB,	,1
LEI,	,1
ncs,	,1
Obs,	,1
FFM,	,1
DIB,	,1
JEP,	,1
TCE,	,1
"IO
",	,1
TDF,	,1
"AF
",	,1
DFR,	,1
Vel,	,1
"UC
",	,1
JHI,	,1
LAP,	,1
ETC,	,1
ONU,	,1
Enc,	,1
$17,	,1
EVE,	,1
ADE,	,1
VMC,	,1
PHD,	,1
SAO,	,1
Ok ,	,1
Haz,	,1
M22,	,1
SVM,	,1
OFD,	,1
Pou,	,1
Lob,	,1
EI&,	,1
OD-,	,1
Dem,	,1
MVD,	,1
Hom,	,1
UN-,	,1
P40,	,1
"GD
",	,1
Sio,	,1
OSI,	,1
"""Af",	,1
J2 ,	,1
178,	,1
Sut,	,1
"VT
",	,1
IAO,	,1
DDB,	,1
Yoc,	,1
VBL,	,1
Lim,	,1
FPA,	,1
BIM,	,1
Sew,	,1
MDB,	,1
CHO,	,1
BCD,	,1
JBC,	,1
ODJ,	,1
EBe,	,1
ISi,	,1
 OC,	,1
TIU,	,1
SFH,	,1
Dru,	,1
AGF,	,1
LPB,	,1
NWH,	,1
IOW,	,1
GOI,	,1
"PH
",	,1
IWD,	,1
TYC,	,1
 Te,	,1
PCL,	,1
NML,	,1
3CC,	,1
BOY,	,1
SJV,	,1
"NG
",	,1
TSP,	,1
WMS,	,1
NLB,	,1
Rig,	,1
MQ4,	,1
"CG
",	,1
L&T,	,1
"TS
",	,1
JDA,	,1
JCU,	,1
W-A,	,1
Goe,	,1
M3 ,	,1
I&S,	,1
"UW
",	,1
ePl,	,1
CRD,	,1
Hob,	,1
tel,	,1
Ome,	,1
HSD,	,1
AMG,	,1
Ron,	,1
HAW,	,1
EVC,	,1
NDW,	,1
Ogd,	,1
Kna,	,1
 TC,	,1
BHA,	,1
PHN,	,1
NSD,	,1
EAR,	,1
GSS,	,1
NW-,	,1
FMM,	,1
MLB,	,1
Buz,	,1
"CC
",	,1
MCR,	,1
UNK,	,1
Ntr,	,1
8th,	,1
KAW,	,1
ESh,	,1
CPW,	,1
90I,	,1
ACI,	,1
IAE,	,1
"WI
",	,1
PNR,	,1
Kih,	,1
654,	,1
TCC,	,1
FER,	,1
MEI,	,1
"NM
",	,1
RAC,	,1
Fiv,	,1
hea,	,1
ALE,	,1
EMW,	,1
CNG,	,1
OBP,	,1
ACA,	,1
AVD,	,1
DC3,	,1
Tn ,	,1
III,	,1
PRM,	,1
Sir,	,1
GAL,	,1
"""Yo",	,1
PGB,	,1
N-T,	,1
Tie,	,1
BMI,	,1
ARD,	,1
ONX,	,1
GDE,	,1
BLM,	,1
LAc,	,1
82N,	,1
OnC,	,1
W3E,	,1
SHL,	,1
NDM,	,1
RTS,	,1
LUC,	,1
"HU
",	,1
"UM
",	,1
R2/,	,1
GMC,	,1
DPM,	,1
Num,	,1
Byl,	,1
Yon,	,1
EAN,	,1
IJU,	,1
KC-,	,1
RHE,	,1
"NT
",	,1
HRI,	,1
ASI,	,1
GBC,	,1
ATF,	,1
OUT,	,1
DVB,	,1
ALD,	,1
"r
",	,1
"DS
",	,1
MPL,	,1
gen,	,1
MBT,	,1
Byr,	,1
HHI,	,1
SIB,	,1
ECU,	,1
KAF,	,1
TPI,	,1
NIJ,	,1
OPR,	,1
TBO,	,1
BET,	,1
MGS,	,1
MP-,	,1
PAW,	,1
3dr,	,1
OTJ,	,1
MAA,	,1
Nan,	,1
"LM
",	,1
Gey,	,1
HCT,	,1
WF-,	,1
Sey,	,1
TNR,	,1
"""U ",	,1
"CO
",	,1
gra,	,1
pub,	,1
CCL,	,1
HHC,	,1
FOB,	,1
Us ,	,1
JPC,	,1
TIR,	,1
"SU
",	,1
24/,	,1
WRP,	,1
WAT,	,1
TYQ,	,1
OEP,	,1
 Ci,	,1
"IC
",	,1
CBS,	,1
JLC,	,1
HSL,	,1
ROS,	,1
UAV,	,1
AOT,	,1
Heb,	,1
QF ,	,1
RMD,	,1
GTE,	,1
QUI,	,1
TNE,	,1
"SF
",	,1
APH,	,1
VBM,	,1
G6 ,	,1
"KC
",	,1
GFS,	,1
RUL,	,1
(HP,	,1
ABE,	,1
"""Am",	,1
"T4
",	,1
FBM,	,1
EDG,	,1
BLO,	,1
bn&,	,1
GMR,	,1
Vim,	,1
"FU
",	,1
TMT,	,1
Ade,	,1
reg,	,1
AI ,	,1
EBI,	,1
"KS
",	,1
kan,	,1
EOA,	,1
WFF,	,1
GIM,	,1
8. ,	,1
RMA,	,1
IFH,	,1
Kea,	,1
TOM,	,1
315,	,1
ICW,	,1
MG ,	,1
LIG,	,1
"LY
",	,1
WRH,	,1
BAN,	,1
pat,	,1
Ote,	,1
PUC,	,1
"NU
",	,1
TDA,	,1
Qwe,	,1
Lio,	,1
NOP,	,1
I.N,	,1
RSF,	,1
In-,	,1
ICO,	,1
HAY,	,1
FCB,	,1
AVI,	,1
"WV
",	,1
LY?,	,1
VWC,	,1
"G2
",	,1
PFP,	,1
JME,	,1
IP ,	,1
"PU
",	,1
RCM,	,1
FUJ,	,1
"PW
",	,1
D47,	,1
ADP,	,1
Inc,	,1
Row,	,1
306,	,1
251,	,1
sub,	,1
CV-,	,1
DcV,	,1
BBC,	,1
SIT,	,1
RSS,	,1
"UP
",	,1
INK,	,1
LRI,	,1
PAL,	,1
UMW,	,1
Sli,	,1
INP,	,1
lti,	,1
DHC,	,1
SOH,	,1
216,	,1
SAP,	,1
CCD,	,1
Vin,	,1
"""SW",	,1
Hic,	,1
SJT,	,1
SD8,	,1
PIX,	,1
sda,	,1
VAM,	,1
LAH,	,1
GD/,	,1
Apa,	,1
Leb,	,1
18t,	,1
L.A,	,1
FTT,	,1
RAM,	,1
Vip,	,1
PEA,	,1
STU,	,1
NAU,	,1
GRU,	,1
AV ,	,1
Eat,	,1
Uny,	,1
TSI,	,1
PTF,	,1
NG/,	,1
Aur,	,1
"re
",	,1
RES,	,1
PrT,	,1
FMH,	,1
HHP,	,1
UIC,	,1
"15
",	,1
UMI,	,1
BUM,	,1
WSP,	,1
GNB,	,1
OEA,	,1
"VA
",	,1
SJG,	,1
VNS,	,1
OTD,	,1
TLO,	,1
"UF
",	,1
VAP,	,1
SN ,	,1
MCi,	,1
IBB,	,1
900,	,1
CFA,	,1
MPI,	,1
JDC,	,1
Rug,	,1
"MN
",	,1
Mei,	,1
ILS,	,1
Ukp,	,1
CWS,	,1
Egy,	,1
P8-,	,1
PEE,	,1
UWA,	,1
Pmc,	,1
093,	,1
PAY,	,1
GST,	,1
R S,	,1
DVE,	,1
AdS,	,1
FAY,	,1
7. ,	,1
Oth,	,1
AOA,	,1
75t,	,1
"""Ea",	,1
Ble,	,1
IIB,	,1
OCE,	,1
"GA
",	,1
375,	,1
PSU,	,1
DOF,	,1
DAL,	,1
Enu,	,1
UDC,	,1
OCU,	,1
BFT,	,1
KLW,	,1
TRS,	,1
UDA,	,1
Apr,	,1
VIC,	,1
xFa,	,1
GDT,	,1
DC-,	,1
Wid,	,1
E-B,	,1
DFO,	,1
WYO,	,1
OFA,	,1
HSR,	,1
MRT,	,1
ANL,	,1
4B ,	,1
AMo,	,1
"i
",	,1
"""AS",	,1
AZ-,	,1
Bex,	,1
BLQ,	,1
HPR,	,1
SCE,	,1
HGS,	,1
"MD
",	,1
OLN,	,1
URI,	,1
EnG,	,1
ELA,	,1
KY-,	,1
169,	,1
S &,	,1
FDN,	,1
Nar,	,1
NSH,	,1
FIC,	,1
O-T,	,1
NBI,	,1
BP ,	,1
"UI
",	,1
Wof,	,1
TC2,	,1
Asb,	,1
JEI,	,1
"DE
",	,1
GSB,	,1
MSE,	,1
gre,	,1
HAD,	,1
IDT,	,1
"AU
",	,1
FEM,	,1
CPB,	,1
BFC,	,1
GIT,	,1
OTA,	,1
jud,	,1
HRQ,	,1
GOH,	,1
STG,	,1
Suq,	,1
Xwa,	,1
PA-,	,1
FEO,	,1
CSN,	,1
ESI,	,1
AMM,	,1
"MU
",	,1
ECA,	,1
 UT,	,1
6. ,	,1
DRC,	,1
FMF,	,1
KDH,	,1
2 F,	,1
Dao,	,1
UAr,	,1
Gar,	,1
";
",	,1
 IR,	,1
SIO,	,1
UAB,	,1
JAD,	,1
ORN,	,1
294,	,1
HiR,	,1
UVF,	,1
STM,	,1
UWO,	,1
ind,	,1
209,	,1
VAQ,	,1
SW ,	,1
5 B,	,1
USc,	,1
SNF,	,1
UKY,	,1
PPS,	,1
Cot,	,1
FIR,	,1
"AZ
",	,1
Utl,	,1
DOM,	,1
VRS,	,1
BI2,	,1
CBH,	,1
CTI,	,1
352,	,1
FIU,	,1
BIE,	,1
ASO,	,1
"MT
",	,1
"""Co",	,1
HOS,	,1
ITM,	,1
ALP,	,1
 CA,	,1
"?
",	,1
C4l,	,1
"""Pu",	,1
NNW,	,1
UHM,	,1
SGS,	,1
"""N ",	,1
 AF,	,1
BBB,	,1
JWU,	,1
Kar,	,1
Yet,	,1
CYB,	,1
 Un,	,1
Tua,	,1
"9
",	,1
EDM,	,1
HHH,	,1
VMO,	,1
HHD,	,1
WAE,	,1
ASM,	,1
Pan,	,1
Wa ,	,1
A&D,	,1
Xel,	,1
Vid,	,1
PS ,	,1
GAS,	,1
553,	,1
FRA,	,1
"UO
",	,1
"WA
",	,1
war,	,1
554,	,1
Kes,	,1
PDM,	,1
res,	,1
Lig,	,1
ESM,	,1
IAF,	,1
"PS
",	,1
"DM
",	,1
"""Ki",	,1
PPC,	,1
SLI,	,1
tcs,	,1
TUN,	,1
P8 ,	,1
OIS,	,1
88O,	,1
"UV
",	,1
RIM,	,1
20t,	,1
OJD,	,1
HIH,	,1
GSU,	,1
Fun,	,1
LL ,	,1
 DI,	,1
DRP,	,1
Tab,	,1
670,	,1
CFL,	,1
 35,	,1
"SC
",	,1
MCL,	,1
ont,	,1
S&T,	,1
NUL,	,1
PG-,	,1
EWP,	,1
ROG,	,1
WRN,	,1
"WU
",	,1
MWA,	,1
NOL,	,1
WER,	,1
GIA,	,1
DEM,	,1
MD-,	,1
PKA,	,1
TBE,	,1
HCG,	,1
C-T,	,1
PCH,	,1
TFO,	,1
503,	,1
SKI,	,1
JCI,	,1
IEU,	,1
RFQ,	,1
"E3
",	,1
EBS,	,1
FTR,	,1
VSE,	,1
TRM,	,1
LAF,	,1
NEI,	,1
Kad,	,1
"XU
",	,1
FOU,	,1
JSD,	,1
V-T,	,1
NS7,	,1
"JS
",	,1
VDT,	,1
InD,	,1
NDA,	,1
BCW,	,1
HEI,	,1
"FO
",	,1
ILN,	,1
A59,	,1
LaP,	,1
"VM
",	,1
IHN,	,1
Dad,	,1
WEF,	,1
PTC,	,1
"OK
",	,1
CPH,	,1
IBH,	,1
the,	,1
MTW,	,1
NAY,	,1
HQD,	,1
OD/,	,1
"ME
",	,1
"IN
",	,1
SEF,	,1
Aif,	,1
OCB,	,1
NVP,	,1
NBV,	,1
NCU,	,1
STC,	,1
PNW,	,1
HQG,	,1
SFM,	,1
FLE,	,1
NIP,	,1
Deg,	,1
90t,	,1
Le ,	,1
DRM,	,1
PNC,	,1
DOW,	,1
NBT,	,1
JMU,	,1
Obe,	,1
NOT,	,1
Lub,	,1
WAS,	,1
"J6
",	,1
Y-1,	,1
OGE,	,1
Lov,	,1
DDS,	,1
LSC,	,1
FPD,	,1
PSM,	,1
LHC,	,1
AED,	,1
"ID
",	,1
BOO,	,1
UPS,	,1
MRE,	,1
RPS,	,1
D P,	,1
KAT,	,1
HUM,	,1
ANE,	,1
BCN,	,1
NOB,	,1
IBE,	,1
MOB,	,1
SRH,	,1
ITX,	,1
SMP,	,1
Q4 ,	,1
Fia,	,1
DSR,	,1
FLS,	,1
SGG,	,1
LTU,	,1
Buo,	,1
OAT,	,1
LRM,	,1
NJP,	,1
617,	,1
OC ,	,1
SHI,	,1
Omn,	,1
UMB,	,1
eSI,	,1
FLK,	,1
iGo,	,1
DSF,	,1
NRF,	,1
"G6
",	,1
AMD,	,1
"""Da",	,1
WOU,	,1
"CT
",	,1
DAM,	,1
D6I,	,1
5PB,	,1
"CN
",	,1
FAM,	,1
TMO,	,1
SVV,	,1
KPE,	,1
MDT,	,1
"L3
",	,1
non,	,1
TFS,	,1
JWC,	,1
"UA
",	,1
"KU
",	,1
Itr,	,1
SRF,	,1
IT-,	,1
ccb,	,1
A6I,	,1
NAE,	,1
SPR,	,1
MHU,	,1
doc,	,1
McH,	,1
OCC,	,1
MDC,	,1
dri,	,1
TRU,	,1
45t,	,1
 NM,	,1
YMP,	,1
RUC,	,1
Ask,	,1
HID,	,1
Fak,	,1
BHN,	,1
N G,	,1
"??
",	,1
NCN,	,1
OMD,	,1
PTO,	,1
I36,	,1
PJI,	,1
T&W,	,1
Dic,	,1
0 -,	,1
NRE,	,1
 Le,	,1
PDA,	,1
JTR,	,1
"TC
",	,1
JRD,	,1
"""Na",	,1
IEE,	,1
LAO,	,1
 Ae,	,1
BNA,	,1
RRV,	,1
 SH,	,1
GNS,	,1
SFE,	,1
chr,	,1
"NH
",	,1
LAT,	,1
LIU,	,1
NJO,	,1
Amb,	,1
LES,	,1
LDM,	,1
ISB,	,1
OSR,	,1
DAG,	,1
buf,	,1
MIO,	,1
"NE
",	,1
pau,	,1
ODU,	,1
NBC,	,1
Eml,	,1
SUU,	,1
 PA,	,1
AJA,	,1
Ref,	,1
ARR,	,1
BCL,	,1
EWU,	,1
JGI,	,1
ICD,	,1
eLy,	,1
Box,	,1
GAD,	,1
BNB,	,1
AHF,	,1
Ct ,	,1
IBL,	,1
ICP,	,1
WVS,	,1
AOS,	,1
DGT,	,1
IEM,	,1
"EE
",	,1
DRT,	,1
JSA,	,1
NTD,	,1
A9I,	,1
Irw,	,1
JLA,	,1
TCU,	,1
"19
",	,1
Bue,	,1
OAR,	,1
Vig,	,1
OTE,	,1
GHS,	,1
TXW,	,1
BRP,	,1
I2A,	,1
4 C,	,1
"N
",	,1
 De,	,1
POP,	,1
AO-,	,1
UNF,	,1
JTW,	,1
Duq,	,1
M. ,	,1
BAF,	,1
Suw,	,1
Niv,	,1
NHS,	,1
"PC
",	,1
"""Ka",	,1
VA`,	,1
MD/,	,1
KAN,	,1
GIG,	,1
MDP,	,1
CVB,	,1
92n,	,1
NFH,	,1
PGD,	,1
GDN,	,1
"AK
",	,1
GPA,	,1
IWU,	,1
Nep,	,1
FMD,	,1
RAI,	,1
WDT,	,1
Ace,	,1
RED,	,1
NPD,	,1
"TH
",	,1
E-W,	,1
50t,	,1
FNB,	,1
FRN,	,1
WHC,	,1
IFC,	,1
"""Mo",	,1
UCF,	,1
BGT,	,1
har,	,1
Dog,	,1
Kay,	,1
AWP,	,1
PSL,	,1
4th,	,1
PPM,	,1
"DH
",	,1
Toy,	,1
BWC,	,1
GET,	,1
"TA
",	,1
PCB,	,1
WCH,	,1
"""ST",	,1
CUA,	,1
CEG,	,1
J-S,	,1
TAM,	,1
NJJ,	,1
NMU,	,1
Alh,	,1
MUD,	,1
FHN,	,1
IRM,	,1
BRI,	,1
GAC,	,1
BPD,	,1
"OM
",	,1
Ags,	,1
Ysl,	,1
JSp,	,1
HI-,	,1
VEC,	,1
BRU,	,1
"IG
",	,1
AOL,	,1
AMI,	,1
AFH,	,1
NMO,	,1
Trr,	,1
WPa,	,1
Rey,	,1
CMT,	,1
"AR
",	,1
UHD,	,1
TML,	,1
BEC,	,1
JIC,	,1
UIU,	,1
TSO,	,1
WBA,	,1
CHC,	,1
PKI,	,1
LDO,	,1
Moj,	,1
Fas,	,1
"""Ce",	,1
Tid,	,1
RAY,	,1
UTK,	,1
JFL,	,1
 BL,	,1
GRT,	,1
"P8
",	,1
Alm,	,1
API,	,1
VIH,	,1
OCX,	,1
EME,	,1
Sat,	,1
NHT,	,1
XTE,	,1
Gac,	,1
UOK,	,1
FBC,	,1
FDP,	,1
PSO,	,1
EDL,	,1
Kut,	,1
HQM,	,1
DeK,	,1
Vai,	,1
MPD,	,1
MAW,	,1
UCD,	,1
JEN,	,1
RTT,	,1
UW-,	,1
NVE,	,1
Jer,	,1
CAO,	,1
"""DO",	,1
*En,	,1
THH,	,1
CIM,	,1
HAE,	,1
JHS,	,1
645,	,1
UVD,	,1
LBN,	,1
"MI
",	,1
NUC,	,1
COX,	,1
Xte,	,1
"RC
",	,1
DAD,	,1
"""AR",	,1
YCC,	,1
VCA,	,1
Til,	,1
McD,	,1
N/A,	,1
DNR,	,1
175,	,1
"HC
",	,1
PMH,	,1
COO,	,1
LOW,	,1
NUS,	,1
JTI,	,1
OHA,	,1
NIU,	,1
D o,	,1
NIB,	,1
 NN,	,1
ANT,	,1
VTE,	,1
Wer,	,1
EQP,	,1
"GC
",	,1
"UN
",	,1
FVR,	,1
BJ',	,1
CA1,	,1
CCU,	,1
Acd,	,1
WCA,	,1
PEG,	,1
BSU,	,1
E6B,	,1
AGO,	,1
Muh,	,1
JPL,	,1
NLS,	,1
GRD,	,1
RRA,	,1
ODI,	,1
Afg,	,1
CBT,	,1
GDR,	,1
EU-,	,1
GPW,	,1
 FI,	,1
JLT,	,1
EDI,	,1
TRH,	,1
L-L,	,1
MEM,	,1
Bit,	,1
E-L,	,1
J. ,	,1
BTA,	,1
P11,	,1
Tx ,	,1
TDE,	,1
EBM,	,1
Ost,	,1
ECJ,	,1
AUC,	,1
DOP,	,1
CBI,	,1
TBN,	,1
EY ,	,1
ERI,	,1
Gia,	,1
Fet,	,1
IVV,	,1
JSQ,	,1
FTA,	,1
JWO,	,1
SMH,	,1
WSU,	,1
MHF,	,1
SHR,	,1
331,	,1
UHS,	,1
OP-,	,1
NWB,	,1
C-4,	,1
Aeo,	,1
SBA,	,1
Ots,	,1
MOU,	,1
648,	,1
ftc,	,1
GRI,	,1
Jon,	,1
Nva,	,1
ISL,	,1
6 U,	,1
CYM,	,1
SGE,	,1
CIE,	,1
NGF,	,1
 Sp,	,1
AID,	,1
FGM,	,1
C-R,	,1
TOW,	,1
C4 ,	,1
NoV,	,1
DHD,	,1
Nik,	,1
RGR,	,1
DIC,	,1
26N,	,1
Bak,	,1
"J8
",	,1
PSD,	,1
Whc,	,1
BOR,	,1
IUP,	,1
IQT,	,1
"J2
",	,1
OVE,	,1
NAM,	,1
"RU
",	,1
"SD
",	,1
WIR,	,1
AZG,	,1
NYL,	,1
NYD,	,1
"QU
",	,1
GFX,	,1
ARK,	,1
Sca,	,1
ATD,	,1
JOS,	,1
ECV,	,1
2-4,	,1
MSF,	,1
Seb,	,1
ADN,	,1
IRA,	,1
NCP,	,1
ERT,	,1
MNS,	,1
OPW,	,1
MBC,	,1
HFC,	,1
SAR,	,1
SSS,	,1
VCS,	,1
CWP,	,1
836,	,1
GAM,	,1
114,	,1
HAF,	,1
UBS,	,1
"LX
",	,1
"DA
",	,1
J86,	,1
MD3,	,1
9 3,	,1
500,	,1
"UU
",	,1
KYW,	,1
"WF
",	,1
2. ,	,1
 Ed,	,1
RSL,	,1
NSE,	,1
DVS,	,1
IML,	,1
Cyv,	,1
SVT,	,1
"GL
",	,1
MNC,	,1
"LE
",	,1
MBD,	,1
ANI,	,1
UWI,	,1
NC-,	,1
Sig,	,1
 Sa,	,1
"EI
",	,1
CP ,	,1
Nue,	,1
JIN,	,1
Exa,	,1
CRE,	,1
FSX,	,1
"""Fo",	,1
881,	,1
"J9
",	,1
29 ,	,1
IOS,	,1
QUT,	,1
M H,	,1
Wix,	,1
SJS,	,1
Inl,	,1
Pav,	,1
"HQ
",	,1
PHO,	,1
Ak ,	,1
gag,	,1
JHF,	,1
Nsw,	,1
ww2,	,1
412,	,1
VMw,	,1
PVS,	,1
Isa,	,1
CCN,	,1
RMC,	,1
BOP,	,1
IT2,	,1
"WC
",	,1
Hoo,	,1
Nez,	,1
"11
",	,1
Jew,	,1
LM ,	,1
HPM,	,1
"$2,",	,1
Fli,	,1
Syr,	,1
MAr,	,1
Mkt,	,1
2nd,	,1
WSM,	,1
Fan,	,1
CDL,	,1
BCA,	,1
"YC
",	,1
Kaa,	,1
ACD,	,1
PAD,	,1
B7W,	,1
DFP,	,1
PAS,	,1
RTD,	,1
TFM,	,1
ERA,	,1
APT,	,1
JOG,	,1
AGG,	,1
VM ,	,1
NAP,	,1
Éco,	,1
WyC,	,1
RSH,	,1
DRI,	,1
"AL
",	,1
???,	,1
BEP,	,1
AMP,	,1
NYE,	,1
UNR,	,1
IHS,	,1
H&M,	,1
GOE,	,1
PIT,	,1
 IB,	,1
EPE,	,1
UVI,	,1
WMT,	,1
NYG,	,1
EII,	,1
C p,	,1
OMP,	,1
VIB,	,1
"GE
",	,1
NRP,	,1
WIP,	,1
TJ ,	,1
JTM,	,1
HSG,	,1
NHL,	,1
Pai,	,1
MTG,	,1
MYE,	,1
"qw
",	,1
Usa,	,1
ORL,	,1
NHC,	,1
PSI,	,1
Bli,	,1
LCC,	,1
NY.,	,1
PTI,	,1
ACL,	,1
NNE,	,1
UAL,	,1
SP2,	,1
HRT,	,1
Qso,	,1
N.C,	,1
LBL,	,1
PGE,	,1
OED,	,1
C-1,	,1
"HA
",	,1
"VB
",	,1
TOH,	,1
LAE,	,1
FHA,	,1
DPW,	,1
ZTI,	,1
MSC,	,1
EES,	,1
"""Me",	,1
McN,	,1
LaC,	,1
iWo,	,1
J6C,	,1
NUA,	,1
D+H,	,1
CMC,	,1
IAM,	,1
WOS,	,1
ANF,	,1
CLI,	,1
INc,	,1
OPI,	,1
BIA,	,1
"DN
",	,1
EOH,	,1
eGl,	,1
OH5,	,1
HJF,	,1
"WM
",	,1
"FA
",	,1
KPM,	,1
Amc,	,1
SIU,	,1
Ema,	,1
CPM,	,1
"""AD",	,1
Ude,	,1
BRC,	,1
Ibe,	,1
975,	,1
NLC,	,1
SHU,	,1
Aof,	,1
DEW,	,1
GBO,	,1
flN,	,1
Vot,	,1
"so
",	,1
NDS,	,1
ONS,	,1
SFD,	,1
"CS
",	,1
SYS,	,1
NHD,	,1
OIR,	,1
M-N,	,1
SJ ,	,1
OPO,	,1
SIP,	,1
FHW,	,1
JED,	,1
Unm,	,1
Avu,	,1
IDH,	,1
38 ,	,1
SSR,	,1
30t,	,1
NWA,	,1
Hut,	,1
P-4,	,1
YUM,	,1
YPG,	,1
PWB,	,1
78t,	,1
JRM,	,1
OH-,	,1
GTC,	,1
SP1,	,1
APS,	,1
MDE,	,1
Eug,	,1
"BU
",	,1
NTU,	,1
BPU,	,1
DAC,	,1
Ak-,	,1
E-6,	,1
"""CT",	,1
IBW,	,1
CA.,	,1
SPT,	,1
OUA,	,1
329,	,1
Vop,	,1
JPO,	,1
NWE,	,1
VID,	,1
PNL,	,1
NAB,	,1
new,	,1
TR ,	,1
 Vi,	,1
Bud,	,1
Cyp,	,1
 Fr,	,1
ABA,	,1
GRE,	,1
WLS,	,1
SFU,	,1
Nal,	,1
i2 ,	,1
OCD,	,1
Gil,	,1
 UC,	,1
FHD,	,1
MDr,	,1
WAC,	,1
Cae,	,1
"d
",	,1
IO4,	,1
JBS,	,1
KSC,	,1
DFC,	,1
FID,	,1
IOT,	,1
GRC,	,1
UCW,	,1
nys,	,1
Aem,	,1
"NR
",	,1
585,	,1
CMH,	,1
ITF,	,1
GIP,	,1
WIC,	,1
BYU,	,1
"""DH",	,1
WRI,	,1
33r,	,1
NCO,	,1
HPD,	,1
Cun,	,1
GBM,	,1
TI/,	,1
WDC,	,1
ID-,	,1
LLB,	,1
"EM
",	,1
Eno,	,1
DOR,	,1
KED,	,1
MHI,	,1
KAP,	,1
GOD,	,1
WWP,	,1
NW3,	,1
GV ,	,1
eMa,	,1
"CD
",	,1
Hoc,	,1
OHH,	,1
PBS,	,1
CEI,	,1
OIC,	,1
PNS,	,1
HIX,	,1
GUA,	,1
"""Ra",	,1
WTT,	,1
BWD,	,1
LCB,	,1
39t,	,1
ICA,	,1
SMT,	,1
ACH,	,1
MVS,	,1
"US
",	,1
OEM,	,1
SHa,	,1
681,	,1
FNA,	,1
DD1,	,1
2-B,	,1
DCO,	,1
477,	,1
934,	,1
IMF,	,1
 FE,	,1
"SI
",	,1
Kis,	,1
700,	,1
SWI,	,1
FEI,	,1
OIM,	,1
NM-,	,1
Zei,	,1
UIS,	,1
"IL
",	,1
ADD,	,1
Unv,	,1
 92,	,1
CVT,	,1
SES,	,1
JUD,	,1
IT/,	,1
Asp,	,1
Pam,	,1
911,	,1
KSA,	,1
CRM,	,1
NNP,	,1
MWS,	,1
MoD,	,1
CLC,	,1
NBA,	,1
UTE,	,1
Eis,	,1
DIN,	,1
MIG,	,1
"MC
",	,1
BLA,	,1
KRA,	,1
NYW,	,1
SMI,	,1
197,	,1
CA7,	,1
MAU,	,1
FTC,	,1
377,	,1
LPC,	,1
OME,	,1
GEm,	,1
Nau,	,1
MHA,	,1
AQM,	,1
HRM,	,1
 OA,	,1
FOH,	,1
UMU,	,1
"Ww
",	,1
LPL,	,1
ISF,	,1
JAB,	,1
"CH
",	,1
"UH
",	,1
FDH,	,1
NSR,	,1
PSA,	,1
GDM,	,1
DEQ,	,1
KNO,	,1
AGT,	,1
RTC,	,1
JS-,	,1
IV&,	,1
NMN,	,1
RRI,	,1
NLM,	,1
SHE,	,1
CNQ,	,1
Yea,	,1
PIC,	,1
GTS,	,1
Vic,	,1
SIM,	,1
FDE,	,1
DEO,	,1
TI-,	,1
SPU,	,1
 Wa,	,1
Bc ,	,1
Ar ,	,1
dmi,	,1
AWE,	,1
NMB,	,1
DLT,	,1
OUC,	,1
HFR,	,1
Bir,	,1
ITD,	,1
eHM,	,1
M10,	,1
DJC,	,1
Ern,	,1
 FL,	,1
WYD,	,1
GUI,	,1
Ccs,	,1
SCR,	,1
DRW,	,1
CTN,	,1
"UR
",	,1
 LE,	,1
ETE,	,1
NC4,	,1
OHM,	,1
430,	,1
LHD,	,1
UOI,	,1
Nuc,	,1
888,	,1
MHP,	,1
Est,	,1
SYE,	,1
ISN,	,1
UHI,	,1
111,	,1
PPL,	,1
Bpr,	,1
NLA,	,1
Taf,	,1
Rec,	,1
Tig,	,1
AAC,	,1
JFc,	,1
NNB,	,1
Tas,	,1
dfa,	,1
"TN
",	,1
Tew,	,1
InT,	,1
SWC,	,1
"AO
",	,1
 Fe,	,1
AF`,	,1
"""To",	,1
BUS,	,1
Uzb,	,1
SUB,	,1
E3 ,	,1
Pes,	,1
KSL,	,1
Noe,	,1
Mal,	,1
Dut,	,1
BAK,	,1
PIL,	,1
qui,	,1
SP ,	,1
KDA,	,1
JFH,	,1
EPB,	,1
"FW
",	,1
TUC,	,1
IPO,	,1
Put,	,1
CO/,	,1
"EA
",	,1
RJA,	,1
Ceg,	,1
TSD,	,1
JDP,	,1
Bee,	,1
BPA,	,1
HA/,	,1
OIT,	,1
50S,	,1
Yes,	,1
uni,	,1
OHN,	,1
ODH,	,1
DHE,	,1
"""GS",	,1
ANM,	,1
GIC,	,1
OIF,	,1
JCF,	,1
OFM,	,1
"No
",	,1
RIc,	,1
UDD,	,1
ABM,	,1
KRC,	,1
MLC,	,1
JDM,	,1
EPR,	,1
IA3,	,1
ZET,	,1
FB1,	,1
CFS,	,1
Bac,	,1
Dig,	,1
MSJ,	,1
"QC
",	,1
FSC,	,1
DPG,	,1
EXT,	,1
Agn,	,1
"NA
",	,1
SQP,	,1
UMO,	,1
CLS,	,1
BLR,	,1
MFT,	,1
ISE,	,1
M2 ,	,1
AVM,	,1
Mol,	,1
SM3,	,1
JNT,	,1
ERM,	,1
"""Go",	,1
CTK,	,1
J-6,	,1
$15,	,1
CBN,	,1
FTW,	,1
MC2,	,1
"MY
",	,1
NGR,	,1
TIA,	,1
PST,	,1
SID,	,1
DJB,	,1
JPE,	,1
598,	,1
E-2,	,1
OGN,	,1
MWC,	,1
LCS,	,1
"c
",	,1
ANX,	,1
FSO,	,1
JFK,	,1
NoA,	,1
"""He",	,1
PCA,	,1
STE,	,1
SGT,	,1
"IA
",	,1
BPE,	,1
GOG,	,1
SUC,	,1
P24,	,1
PdL,	,1
YRP,	,1
DCo,	,1
KUB,	,1
DAP,	,1
"UG
",	,1
OCL,	,1
GSO,	,1
NCJ,	,1
DSN,	,1
NFB,	,1
AK ,	,1
 Sm,	,1
Adj,	,1
IIS,	,1
Cru,	,1
STJ,	,1
VSP,	,1
Dri,	,1
W-L,	,1
NWF,	,1
364,	,1
BMA,	,1
*AL,	,1
NJH,	,1
7 S,	,1
IBD,	,1
"""SO",	,1
NND,	,1
"SP
",	,1
208,	,1
EGU,	,1
Pfc,	,1
CHP,	,1
omn,	,1
"MS
",	,1
Dam,	,1
OGA,	,1
J-9,	,1
PSG,	,1
DPR,	,1
Ali,	,1
CAT,	,1
DHI,	,1
"RL
",	,1
Has,	,1
BDM,	,1
Peg,	,1
NS2,	,1
Syc,	,1
NVD,	,1
MYM,	,1
NTL,	,1
BUH,	,1
Enn,	,1
$22,	,1
CAA,	,1
CBU,	,1
OCG,	,1
NCF,	,1
TAD,	,1
MCP,	,1
Occ,	,1
ONG,	,1
Rye,	,1
TJJ,	,1
"FL
",	,1
*WA,	,1
APP,	,1
"""Gw",	,1
EXA,	,1
FCP,	,1
Ohl,	,1
Oka,	,1
213,	,1
EIS,	,1
Mof,	,1
TG ,	,1
DLN,	,1
VI ,	,1
"VR
",	,1
inb,	,1
GWC,	,1
PPP,	,1
CCB,	,1
Rog,	,1
GWL,	,1
Qat,	,1
"""Sp",	,1
FR-,	,1
FOI,	,1
SAL,	,1
Dix,	,1
UAM,	,1
14t,	,1
RIC,	,1
OpS,	,1
Jom,	,1
FCA,	,1
VDS,	,1
"OH
",	,1
Aly,	,1
"""Lo",	,1
SDQ,	,1
EOL,	,1
" 
",	,1
DKO,	,1
TOR,	,1
Vox,	,1
595,	,1
FNL,	,1
NNL,	,1
AIP,	,1
NSN,	,1
Azu,	,1
Lev,	,1
TUH,	,1
"VI
",	,1
LIN,	,1
 Ok,	,1
SLR,	,1
TU ,	,1
Tot,	,1
CDE,	,1
Rav,	,1
VAs,	,1
Icb,	,1
JMF,	,1
"""NE",	,1
***,	,1
BLS,	,1
WAP,	,1
E-K,	,1
ODS,	,1
2GD,	,1
SMG,	,1
HBT,	,1
"""Ne",	,1
Meh,	,1
 Su,	,1
DWC,	,1
GUE,	,1
PXD,	,1
ORB,	,1
OGP,	,1
"""DL",	,1
"RR
",	,1
ND.,	,1
asd,	,1
Eck,	,1
JFI,	,1
MOY,	,1
PLS,	,1
Yan,	,1
BAG,	,1
NWU,	,1
Inm,	,1
89t,	,1
EWB,	,1
Uc ,	,1
987,	,1
J7 ,	,1
Voi,	,1
N-D,	,1
AOR,	,1
Keu,	,1
okl,	,1
PAM,	,1
SRS,	,1
FLN,	,1
Wag,	,1
RNW,	,1
OET,	,1
KUH,	,1
DOG,	,1
IAT,	,1
"""Bo",	,1
"RI
",	,1
ORO,	,1
404,	,1
PSP,	,1
NHA,	,1
WWT,	,1
Doc,	,1
Ute,	,1
WMA,	,1
VAB,	,1
SSG,	,1
JS/,	,1
HYL,	,1
"""Ch",	,1
QAF,	,1
NeS,	,1
Ops,	,1
RS ,	,1
AMF,	,1
JAT,	,1
OES,	,1
B-2,	,1
ZEN,	,1
HSI,	,1
KYT,	,1
AMe,	,1
Kei,	,1
Tai,	,1
TWD,	,1
DGS,	,1
JH ,	,1
UL/,	,1
FTE,	,1
NTW,	,1
"C2
",	,1
PMF,	,1
ASG,	,1
Gla,	,1
NFS,	,1
Ove,	,1
"SB
",	,1
SLW,	,1
 VA,	,1
Ony,	,1
MUN,	,1
Cnr,	,1
ILR,	,1
048,	,1
"RD
",	,1
FOO,	,1
VOA,	,1
Onl,	,1
TPW,	,1
CIW,	,1
SOB,	,1
"ON
",	,1
DSS,	,1
EYE,	,1
JEA,	,1
CAX,	,1
NWD,	,1
$0.,	,1
SSQ,	,1
HSN,	,1
NAN,	,1
P-2,	,1
TSS,	,1
"Lo
",	,1
CWE,	,1
DFB,	,1
TxT,	,1
ers,	,1
ITH,	,1
JDS,	,1
Nix,	,1
LER,	,1
KHP,	,1
WHM,	,1
ISW,	,1
ON-,	,1
Paa,	,1
Bun,	,1
EMD,	,1
IO/,	,1
GPC,	,1
NFC,	,1
"4
",	,1
Rag,	,1
UOA,	,1
"IT
",	,1
TAQ,	,1
UN ,	,1
RI.,	,1
Ncp,	,1
MVT,	,1
OSE,	,1
WUH,	,1
FAC,	,1
Zev,	,1
eVe,	,1
PUE,	,1
SFL,	,1
XBR,	,1
GLC,	,1
MFE,	,1
RPI,	,1
cri,	,1
J6F,	,1
"HI
",	,1
EDN,	,1
OWE,	,1
"-
",	,1
Rur,	,1
Gan,	,1
11 ,	,1
PFI,	,1
ISG,	,1
CIN,	,1
EIA,	,1
"NY
",	,1
BPL,	,1
CTD,	,1
ACR,	,1
HHA,	,1
CE-,	,1
HR/,	,1
PNN,	,1
CDV,	,1
IOP,	,1
"""So",	,1
IID,	,1
NPP,	,1
LMO,	,1
Org,	,1
NTG,	,1
NTA,	,1
Rio,	,1
"""IC",	,1
C&C,	,1
NTO,	,1
BBG,	,1
TUR,	,1
E-M,	,1
FIT,	,1
WCT,	,1
J6U,	,1
MWH,	,1
for,	,1
NMG,	,1
"B2
",	,1
DCF,	,1
Noo,	,1
"q
",	,1
ACB,	,1
FMP,	,1
DPH,	,1
INE,	,1
Ny ,	,1
WSS,	,1
MRI,	,1
SDU,	,1
5 I,	,1
Xav,	,1
(OS,	,1
2 A,	,1
"FC
",	,1
JAS,	,1
IGS,	,1
CGS,	,1
67t,	,1
"""Wi",	,1
NMR,	,1
DO ,	,1
D2D,	,1
P3 ,	,1
KBR,	,1
AKC,	,1
SCF,	,1
"J7
",	,1
nat,	,1
SFS,	,1
PWS,	,1
ViO,	,1
WPU,	,1
"""Op",	,1
RDT,	,1
FDF,	,1
VES,	,1
SLM,	,1
UCM,	,1
JID,	,1
PLM,	,1
MRC,	,1
COH,	,1
HAG,	,1
OBI,	,1
BCI,	,1
MIN,	,1
PDS,	,1
CEV,	,1
iPE,	,1
NDN,	,1
"""Ar",	,1
SJH,	,1
"KN
",	,1
AWL,	,1
RUS,	,1
 CM,	,1
OSP,	,1
J63,	,1
MH ,	,1
HMS,	,1
LWC,	,1
UTB,	,1
VTD,	,1
eHe,	,1
Ogi,	,1
SWS,	,1
DYN,	,1
I-3,	,1
MGH,	,1
UOR,	,1
SUG,	,1
LDC,	,1
Luf,	,1
VTT,	,1
MOC,	,1
RIS,	,1
PHE,	,1
KEE,	,1
"ES
",	,1
PiW,	,1
"WB
",	,1
ND ,	,1
TSW,	,1
QFA,	,1
2D ,	,1
T-3,	,1
"EC
",	,1
CSF,	,1
BRH,	,1
F35,	,1
GGC,	,1
Taz,	,1
Pad,	,1
"LC
",	,1
eMi,	,1
I-A,	,1
1C ,	,1
CNR,	,1
WIA,	,1
BPH,	,1
Gam,	,1
"LU
",	,1
"0
",	,1
InL,	,1
AOD,	,1
TCT,	,1
MND,	,1
NYT,	,1
MN-,	,1
Tim,	,1
CAR,	,1
TCN,	,1
AFF,	,1
NJM,	,1
IMP,	,1
EOD,	,1
F16,	,1
TGS,	,1
CNC,	,1
DSO,	,1
So.,	,1
UPM,	,1
RMS,	,1
UCC,	,1
BSD,	,1
ATQ,	,1
OKL,	,1
LY ,	,1
"x 
",	,1
NPN,	,1
ATK,	,1
12t,	,1
Cry,	,1
Kuw,	,1
TWU,	,1
PM-,	,1
HEC,	,1
PMM,	,1
GAO,	,1
Gor,	,1
DDE,	,1
WEs,	,1
FJC,	,1
SAG,	,1
4. ,	,1
Kec,	,1
VPL,	,1
AGD,	,1
UGA,	,1
GDL,	,1
"HP
",	,1
ORD,	,1
ADL,	,1
Cpr,	,1
337,	,1
K-T,	,1
RCA,	,1
Wac,	,1
SAW,	,1
1B ,	,1
EQ-,	,1
Agl,	,1
SVP,	,1
DSW,	,1
Get,	,1
"DO
",	,1
JMI,	,1
JEO,	,1
Akr,	,1
Cie,	,1
325,	,1
E-A,	,1
"OR
",	,1
RMW,	,1
OBW,	,1
"IS,",	,1
"""Do",	,1
ASS,	,1
ETP,	,1
Fen,	,1
DEV,	,1
HST,	,1
Avn,	,1
Tx.,	,1
OCM,	,1
OA-,	,1
Viz,	,1
"""UC",	,1
ACT,	,1
Vex,	,1
BSS,	,1
OEH,	,1
RCS,	,1
HYD,	,1
H&A,	,1
CZ ,	,1
TDL,	,1
Mch,	,1
TEG,	,1
SSO,	,1
Sid,	,1
E-E,	,1
Epi,	,1
ONL,	,1
SFB,	,1
DHP,	,1
WGU,	,1
WHO,	,1
SKA,	,1
AE2,	,1
"C3
",	,1
NYO,	,1
EMH,	,1
MOS,	,1
"""TW",	,1
TOC,	,1
"LA
",	,1
$10,	,1
NOK,	,1
Rep,	,1
Sab,	,1
"UT
",	,1
"JC
",	,1
TNO,	,1
R20,	,1
LEG,	,1
TBD,	,1
"OA
",	,1
TNG,	,1
Azd,	,1
6 N,	,1
DCR,	,1
AOU,	,1
*tu,	,1
Fie,	,1
HAL,	,1
OKC,	,1
NOM,	,1
DAU,	,1
CPC,	,1
Dye,	,1
Acm,	,1
WSO,	,1
SWP,	,1
NGB,	,1
AEg,	,1
UCG,	,1
IEW,	,1
WKU,	,1
MPP,	,1
GD4,	,1
JSt,	,1
I C,	,1
CLP,	,1
EGG,	,1
GAA,	,1
BIo,	,1
Hei,	,1
ALF,	,1
IDP,	,1
ARX,	,1
HFP,	,1
MHM,	,1
C2E,	,1
DLC,	,1
DHT,	,1
DET,	,1
FFR,	,1
JUH,	,1
JOI,	,1
CUI,	,1
Ers,	,1
Bll,	,1
Oxn,	,1
AAA,	,1
GWS,	,1
"ND
",	,1
RSI,	,1
van,	,1
MC ,	,1
DBA,	,1
NNM,	,1
Poo,	,1
JSP,	,1
G3 ,	,1
1A ,	,1
MMM,	,1
211,	,1
FLR,	,1
MMI,	,1
KCT,	,1
OU ,	,1
Eli,	,1
PKE,	,1
CTg,	,1
dep,	,1
LEM,	,1
"CP
",	,1
FCG,	,1
Adu,	,1
"GS
",	,1
rey,	,1
KII,	,1
ECS,	,1
"PN
",	,1
Xyr,	,1
MCD,	,1
Enp,	,1
BSE,	,1
JCT,	,1
HCD,	,1
IFO,	,1
SFA,	,1
THE,	,1
TIL,	,1
0 &,	,1
FCN,	,1
 St,	,1
TMI,	,1
AVH,	,1
MAT,	,1
KIS,	,1
OIA,	,1
Buy,	,1
DBP,	,1
Asc,	,1
Lom,	,1
MAB,	,1
MIU,	,1
"WY
",	,1
VSI,	,1
GAE,	,1
Yol,	,1
RT3,	,1
BWX,	,1
ZUM,	,1
"$1,",	,1
GVC,	,1
AZM,	,1
NY/,	,1
Q-5,	,1
Lat,	,1
MSV,	,1
LEO,	,1
DKI,	,1
KSF,	,1
 Ol,	,1
SFI,	,1
ERD,	,1
*md,	,1
DC1,	,1
FPL,	,1
Gin,	,1
HCR,	,1
 ID,	,1
VTB,	,1
"S3
",	,1
PBU,	,1
SIE,	,1
Cre,	,1
CEE,	,1
RJ ,	,1
NHl,	,1
1 H,	,1
Owe,	,1
CME,	,1
Adl,	,1
 Ca,	,1
RDM,	,1
PAF,	,1
WA/,	,1
10 ,	,1
P78,	,1
Kig,	,1
AV-,	,1
WYL,	,1
UTD,	,1
wes,	,1
NCL,	,1
CAI,	,1
"""DC",	,1
TTC,	,1
STB,	,1
ALR,	,1
OFF,	,1
BOG,	,1
Veh,	,1
SEA,	,1
BPC,	,1
"SW
",	,1
Kum,	,1
Vas,	,1
REJ,	,1
FMB,	,1
"AB
",	,1
FCI,	,1
M2C,	,1
"PD
",	,1
Neu,	,1
IWP,	,1
NP&,	,1
CPA,	,1
NME,	,1
OTS,	,1
599,	,1
CWU,	,1
 As,	,1
MEB,	,1
369,	,1
TSU,	,1
GA`,	,1
"EU
",	,1
Osa,	,1
EIB,	,1
CS ,	,1
SHS,	,1
DLS,	,1
Aua,	,1
BCH,	,1
EVS,	,1
CIH,	,1
"""Tr",	,1
NEA,	,1
317,	,1
TMC,	,1
nas,	,1
T35,	,1
"BS
",	,1
ES ,	,1
MXR,	,1
GPN,	,1
FEC,	,1
SDO,	,1
JTD,	,1
"""DI",	,1
PCO,	,1
MAI,	,1
GTA,	,1
OOC,	,1
"NW
",	,1
Lut,	,2
Bev,	,2
Bes,	,2
UNM,	,2
ADC,	,2
NTT,	,2
MTI,	,2
JTS,	,2
GDA,	,2
OPM,	,2
JDT,	,2
HAC,	,2
Hos,	,2
Fl ,	,2
JML,	,2
USV,	,2
GSC,	,2
Pug,	,2
DHR,	,2
CPI,	,2
Sov,	,2
SAT,	,2
ITC,	,2
Bib,	,2
DIV,	,2
ANS,	,2
PHS,	,2
ERC,	,2
EPG,	,2
NJ-,	,2
Nel,	,2
Mys,	,2
CNS,	,2
NAR,	,2
ULA,	,2
WMH,	,2
NID,	,2
ICS,	,2
G-6,	,2
Sci,	,2
LAU,	,2
Uti,	,2
OHS,	,2
MFC,	,2
DTE,	,2
CDW,	,2
TTA,	,2
MSP,	,2
INA,	,2
ALC,	,2
Kam,	,2
KCC,	,2
Sob,	,2
C4S,	,2
CAQ,	,2
ISP,	,2
cit,	,2
TAR,	,2
Equ,	,2
TIG,	,2
Duv,	,2
GS-,	,2
GNE,	,2
Phe,	,2
IME,	,2
PLA,	,2
FAS,	,2
IMO,	,2
Dom,	,2
McG,	,2
Esc,	,2
PMI,	,2
K14,	,2
OIG,	,2
SAA,	,2
GPO,	,2
Tib,	,2
Gun,	,2
SEL,	,2
Sit,	,2
OCO,	,2
FDL,	,2
OnP,	,2
CAD,	,2
FHF,	,2
KCP,	,2
NED,	,2
BHI,	,2
Dia,	,2
APA,	,2
MER,	,2
CHA,	,2
Jas,	,2
3. ,	,2
CTR,	,2
ARP,	,2
IL-,	,2
Kwa,	,2
Dun,	,2
UFL,	,2
NRA,	,2
STI,	,2
JCO,	,2
G2 ,	,2
AMB,	,2
SSD,	,2
Emt,	,2
W-G,	,2
NSL,	,2
MSS,	,2
MS2,	,2
GCI,	,2
CC ,	,2
Meg,	,2
EWA,	,2
KCM,	,2
KLC,	,2
DeP,	,2
AFD,	,2
Sed,	,2
DNC,	,2
Obl,	,2
CNU,	,2
Nic,	,2
Liq,	,2
IEC,	,2
VAA,	,2
CMA,	,2
MDI,	,2
GDS,	,2
WIL,	,2
JCW,	,2
FSU,	,2
HUN,	,2
SBU,	,2
Ple,	,2
COR,	,2
66t,	,2
Spo,	,2
BMP,	,2
MSM,	,2
Chr,	,2
KEY,	,2
Osw,	,2
COE,	,2
MyF,	,2
"""$1",	,2
BCM,	,2
Hid,	,2
WPA,	,2
Q3 ,	,2
APD,	,2
NTE,	,2
Bas,	,2
S.C,	,2
D-A,	,2
UTC,	,2
PMS,	,2
Dry,	,2
POL,	,2
UCh,	,2
MCU,	,2
WES,	,2
JS ,	,2
POI,	,2
Bot,	,2
AER,	,2
And,	,2
ONR,	,2
ETA,	,2
TMH,	,2
UHN,	,2
Let,	,2
DTA,	,2
H&E,	,2
BHS,	,2
DH ,	,2
IDC,	,2
PET,	,2
DON,	,2
SIF,	,2
Aff,	,2
UMS,	,2
NEH,	,2
NG-,	,2
C3T,	,2
EAC,	,2
WDO,	,2
UAF,	,2
NMA,	,2
AFP,	,2
HCA,	,2
SCS,	,2
 NI,	,2
LRC,	,2
88 ,	,2
UAR,	,2
LaS,	,2
Wen,	,2
BTS,	,2
FTB,	,2
ESP,	,2
JMD,	,2
NRO,	,2
SMU,	,2
Rut,	,2
SBS,	,2
TAX,	,2
PBC,	,2
AFB,	,2
NY-,	,2
CO-,	,2
Ree,	,2
BLa,	,2
CND,	,2
AFG,	,2
JWA,	,2
ADO,	,2
LCE,	,2
Nac,	,2
UMA,	,2
PCI,	,2
P26,	,2
HBS,	,2
Gon,	,2
TEN,	,2
E2D,	,2
Mur,	,2
ST ,	,2
DME,	,2
ART,	,2
DAF,	,2
FCS,	,2
GRA,	,2
 NA,	,2
Unk,	,2
CTO,	,2
whi,	,2
Asi,	,2
DIM,	,2
UNL,	,2
BOC,	,2
DLI,	,2
Out,	,2
NER,	,2
HER,	,2
ATE,	,2
Quo,	,2
DFS,	,2
Peo,	,2
SIG,	,2
SDD,	,2
Var,	,2
P-8,	,2
Hav,	,2
CTT,	,2
LAW,	,2
DSE,	,2
MPC,	,2
EAD,	,2
Tuf,	,2
SOT,	,2
SPI,	,2
Aub,	,2
FRS,	,2
Eld,	,2
Shi,	,2
NIF,	,2
Ald,	,2
SNL,	,2
UMC,	,2
Oke,	,2
CBC,	,2
CID,	,2
DCT,	,2
CRC,	,2
Lis,	,2
JPR,	,2
OLC,	,2
TEO,	,2
RTR,	,2
NDC,	,2
HRA,	,2
BCB,	,2
HAN,	,2
LOC,	,2
ISU,	,2
Ang,	,2
TEM,	,2
SCT,	,2
PRI,	,2
QSS,	,2
D.C,	,2
UWM,	,2
HEL,	,2
Jun,	,2
SGI,	,2
Yav,	,2
VLE,	,2
USJ,	,2
JEF,	,2
MID,	,2
NEB,	,2
LAM,	,2
Don,	,2
HIG,	,2
SCD,	,2
Mot,	,2
Ecu,	,2
BIS,	,2
Kic,	,2
ECB,	,2
BAI,	,2
RAF,	,2
Pau,	,2
Sev,	,2
CCA,	,2
APE,	,2
DC2,	,2
Hay,	,2
Rat,	,2
FTI,	,2
NDI,	,2
NHI,	,2
EN ,	,2
CPR,	,2
HMJ,	,2
WSC,	,2
TAB,	,2
Sym,	,2
Top,	,2
US.,	,2
WVO,	,2
Rap,	,2
Hin,	,2
Pep,	,2
JP ,	,2
AHC,	,2
UTP,	,2
SDH,	,2
WCB,	,2
Gur,	,2
PEC,	,2
CTC,	,2
SSM,	,2
SFG,	,2
RAL,	,2
ATS,	,2
CLA,	,2
Pec,	,2
"""Or",	,2
Kra,	,2
Fac,	,2
H. ,	,2
HCP,	,2
NPO,	,2
NOV,	,2
TXN,	,2
JET,	,2
JT3,	,2
MCO,	,2
POC,	,2
TXS,	,2
BPM,	,2
WIS,	,2
CIO,	,2
OSM,	,2
IJL,	,2
WRM,	,2
IRO,	,2
Syn,	,2
DMS,	,2
7th,	,2
RCI,	,2
FIO,	,2
"CA
",	,2
MSR,	,2
MSB,	,2
Ral,	,2
ARH,	,2
MDH,	,2
ISD,	,2
PRC,	,2
NEL,	,2
VPI,	,2
NYA,	,2
VIR,	,2
GE3,	,2
ISI,	,2
OCP,	,2
NE ,	,2
AF/,	,2
EWE,	,2
DIR,	,2
MGC,	,2
MFO,	,2
ERP,	,2
Ras,	,2
MMA,	,2
AGI,	,2
RFA,	,2
BCC,	,2
TDC,	,2
End,	,2
TCS,	,2
Acu,	,2
Zac,	,2
ORA,	,2
NAC,	,2
DMV,	,2
Ton,	,2
SFP,	,2
PEN,	,2
PSS,	,2
Ing,	,2
Hub,	,2
SER,	,2
"""Ca",	,2
Pik,	,2
VA/,	,2
Tur,	,2
CIF,	,2
LCR,	,2
D A,	,2
ESU,	,2
NYI,	,2
ATC,	,2
NPR,	,2
Mex,	,2
C I,	,2
EQ3,	,2
RTL,	,2
Tub,	,2
MSI,	,2
EOI,	,2
NDP,	,2
Len,	,2
Who,	,2
Aud,	,2
"""Ma",	,2
KIT,	,2
Ato,	,2
JSI,	,2
EXI,	,2
SFW,	,2
SSE,	,2
FPS,	,2
Upg,	,2
Gle,	,2
Vol,	,2
SKY,	,2
Leh,	,2
Dec,	,2
CDN,	,2
Alp,	,2
NCH,	,2
CPP,	,2
Hit,	,2
DoI,	,2
SCP,	,2
AMO,	,2
EMC,	,2
25t,	,2
Sib,	,2
t.b,	,2
EUC,	,2
RPL,	,2
TVO,	,2
Fou,	,2
WU ,	,2
CAB,	,2
MUC,	,2
MIL,	,2
W-S,	,2
Leo,	,2
GMU,	,2
BRO,	,2
P8A,	,2
SNA,	,2
VOL,	,2
UAH,	,2
PAN,	,2
Gui,	,2
Lum,	,2
MPA,	,2
DNI,	,2
TFD,	,2
 US,	,2
ARF,	,2
pro,	,2
IMS,	,2
OSS,	,2
JHA,	,2
Tau,	,2
AN/,	,2
GAT,	,2
Oca,	,2
HOR,	,2
AAM,	,2
U.C,	,2
INN,	,2
726,	,2
MPE,	,2
SIR,	,2
NII,	,2
CDC,	,2
"""Be",	,2
Aba,	,2
CER,	,2
LMD,	,2
C4I,	,2
FLA,	,2
DRE,	,2
NOO,	,2
Aik,	,2
Ho-,	,2
EOP,	,2
Inn,	,2
SSP,	,2
Ext,	,2
Gad,	,2
ISR,	,2
CSM,	,2
JMR,	,2
OPE,	,2
784,	,2
NCW,	,2
CMU,	,2
ADA,	,2
SEI,	,2
PEB,	,2
OSC,	,2
NTC,	,2
OI&,	,2
HRC,	,2
NGO,	,2
Tou,	,2
CDS,	,2
EIT,	,2
C2S,	,2
TSC,	,2
WVD,	,2
NH-,	,2
EL ,	,2
NGE,	,2
GFE,	,2
MDO,	,2
CRS,	,2
AEM,	,2
Und,	,2
UPe,	,2
NMS,	,2
BCT,	,2
Loa,	,2
AZD,	,2
CPU,	,2
MSA,	,2
CBO,	,2
350,	,2
CFT,	,2
Ski,	,2
NJD,	,2
Fri,	,2
AIA,	,2
NRM,	,2
Jet,	,2
TEA,	,2
Sot,	,2
DCJ,	,2
LAS,	,2
C-S,	,2
Egl,	,2
WI-,	,2
Cod,	,2
MSU,	,2
Tyn,	,2
VER,	,2
E-J,	,2
RMG,	,2
OEI,	,2
FCC,	,2
JFS,	,2
Yal,	,2
PdM,	,2
GVS,	,2
ICB,	,2
Edm,	,2
DAA,	,2
ASB,	,2
CED,	,2
Woo,	,2
GOA,	,2
OKN,	,2
LHM,	,2
505,	,2
FDO,	,2
MLG,	,2
Agi,	,2
ISO,	,2
JCD,	,2
NUM,	,2
406,	,2
Pay,	,2
AMA,	,2
NIN,	,2
Mec,	,2
GMD,	,2
NLR,	,2
Men,	,2
Dub,	,2
CJM,	,2
Kap,	,2
IS&,	,2
IES,	,2
Anc,	,2
CLE,	,2
JCA,	,2
HCI,	,2
C2I,	,2
8 T,	,2
DSA,	,2
ARI,	,2
CSB,	,2
UTM,	,2
STD,	,2
SNM,	,2
"""$3",	,2
LCG,	,2
Bul,	,2
EC ,	,2
MMC,	,2
LOG,	,2
OSA,	,2
TDH,	,2
Tal,	,2
ODC,	,2
BCP,	,2
BOS,	,2
FM ,	,2
DIO,	,2
EIE,	,2
EED,	,2
Rya,	,2
Rai,	,2
BKD,	,2
AUR,	,2
arm,	,2
TWC,	,2
CFP,	,2
AIN,	,2
Yuk,	,2
Rom,	,2
ARB,	,2
WTC,	,2
OJP,	,2
OST,	,2
CDF,	,2
Alt,	,2
MPS,	,2
SLA,	,2
ELS,	,2
DCI,	,2
MEP,	,2
"""De",	,2
Coo,	,2
JEW,	,2
APM,	,2
Map,	,2
Ira,	,2
TVA,	,2
DAN,	,2
JAM,	,2
BEL,	,2
920,	,2
JDI,	,2
Vie,	,2
Tob,	,2
JLE,	,2
LIR,	,2
LAN,	,2
MI-,	,2
TDI,	,2
Mn ,	,2
OGS,	,2
IAI,	,2
TSG,	,2
Edw,	,2
Tax,	,2
RCC,	,2
ECP,	,2
VOI,	,2
WSL,	,2
AET,	,2
NCG,	,2
FNM,	,2
Ca ,	,2
OAG,	,2
GDO,	,2
Isl,	,2
OMB,	,2
TJN,	,2
26 ,	,2
CIP,	,2
KSU,	,2
UND,	,2
HEA,	,2
RRB,	,2
MNA,	,2
Yak,	,2
Sin,	,2
ATL,	,2
OSL,	,2
UGC,	,2
ORC,	,2
WSI,	,2
Mik,	,2
DMC,	,2
"""Ri",	,2
TIC,	,2
Uda,	,2
IAR,	,2
Qin,	,2
3 N,	,2
PMW,	,2
con,	,2
Mir,	,2
HIM,	,2
EDS,	,2
Gat,	,2
HSC,	,2
DiL,	,2
Mhm,	,2
UNS,	,2
TAT,	,2
Hor,	,2
FMI,	,2
MSD,	,2
Fit,	,2
SWR,	,2
Pet,	,2
F-3,	,2
NHB,	,2
Ply,	,2
WRA,	,2
CAP,	,2
PSE,	,2
RAP,	,2
CEO,	,2
JRS,	,2
Bin,	,2
int,	,2
URS,	,2
COA,	,2
CIG,	,2
UAS,	,2
SDV,	,2
EPI,	,2
NMD,	,2
inf,	,2
MCN,	,2
BIR,	,2
IRI,	,2
JPM,	,2
BRE,	,2
UM ,	,2
OSF,	,2
UMN,	,2
TXD,	,2
SMD,	,2
SVS,	,2
Wiz,	,2
RAT,	,2
TIM,	,2
EWT,	,2
Cog,	,2
Edg,	,2
Rac,	,2
VCU,	,3
927,	,3
Gem,	,3
Ava,	,3
WAW,	,3
ATG,	,3
FSA,	,3
SSF,	,3
OCF,	,3
DCD,	,3
ARL,	,3
AFA,	,3
ISC,	,3
5th,	,3
ATI,	,3
Ter,	,3
DHM,	,3
SWF,	,3
Tap,	,3
IC/,	,3
Cin,	,3
Ult,	,3
FL.,	,3
SRC,	,3
RCE,	,3
AFO,	,3
Coc,	,3
CCP,	,3
Cra,	,3
E-G,	,3
ODN,	,3
NSI,	,3
CTS,	,3
CSO,	,3
EOU,	,3
JCC,	,3
Ska,	,3
Cum,	,3
DOA,	,3
NMH,	,3
DCH,	,3
BDS,	,3
ATO,	,3
 Co,	,3
RDE,	,3
EDD,	,3
CNA,	,3
C2 ,	,3
AEC,	,3
REM,	,3
MON,	,3
ETS,	,3
Not,	,3
BMD,	,3
ONI,	,3
Cop,	,3
NTS,	,3
Eco,	,3
CSL,	,3
NSC,	,3
SPE,	,3
DEN,	,3
CAF,	,3
COT,	,3
SET,	,3
Dir,	,3
NGT,	,3
PAE,	,3
Yos,	,3
Bon,	,3
Pfl,	,3
CGH,	,3
UNN,	,3
ASP,	,3
Bar,	,3
BMC,	,3
ECO,	,3
IBC,	,3
DTI,	,3
BIC,	,3
CCR,	,3
GSF,	,3
SNR,	,3
SED,	,3
309,	,3
CJI,	,3
Mat,	,3
SAC,	,3
AGS,	,3
WVH,	,3
Ale,	,3
Tro,	,3
CNM,	,3
LAA,	,3
INO,	,3
MAN,	,3
WVU,	,3
UTH,	,3
MDS,	,3
Att,	,3
HQ/,	,3
GIS,	,3
FL-,	,3
Ono,	,3
BES,	,3
Suf,	,3
Mt.,	,3
MIE,	,3
NYP,	,3
Dra,	,3
AIE,	,3
Dan,	,3
NEO,	,3
FRI,	,3
DMA,	,3
Stu,	,3
Thu,	,3
CMD,	,3
Sum,	,3
JPA,	,3
SEM,	,3
DTM,	,3
Job,	,3
COS,	,3
MSN,	,3
GTR,	,3
Cer,	,3
PSC,	,3
Cuy,	,3
DIA,	,3
AES,	,3
MMS,	,3
DES,	,3
DTR,	,3
COP,	,3
Kel,	,3
PGC,	,3
L3-,	,3
CDI,	,3
AIS,	,3
SDG,	,3
CIt,	,3
IAN,	,3
SD ,	,3
Sof,	,3
ICI,	,3
DCM,	,3
VAN,	,3
OCT,	,3
ASU,	,3
JMA,	,3
SMC,	,3
Pel,	,3
Sil,	,3
USR,	,3
Gai,	,3
MWR,	,3
Lot,	,3
JST,	,3
EDA,	,3
Duk,	,3
DND,	,3
MSH,	,3
CSP,	,3
CIA,	,3
ITI,	,3
Sag,	,3
PAR,	,3
CMM,	,3
DoS,	,3
BAR,	,3
COU,	,3
EMA,	,3
ISA,	,3
BRA,	,3
Tac,	,3
Pot,	,3
TMA,	,3
Roo,	,3
MAG,	,3
DOH,	,3
USI,	,3
Lit,	,3
STS,	,3
Old,	,3
 NY,	,3
C2B,	,3
Amy,	,3
K12,	,3
UTS,	,3
CHS,	,3
PBG,	,3
VCC,	,3
Swe,	,3
JTC,	,3
Pul,	,3
ODA,	,3
MUO,	,3
NPS,	,3
SCN,	,3
NIM,	,3
JIA,	,3
CCH,	,3
Pic,	,3
Lam,	,3
Gri,	,3
Amt,	,3
USU,	,3
AO ,	,3
CCT,	,3
QTS,	,3
MCW,	,3
Dug,	,3
Acq,	,3
RDA,	,3
NWS,	,3
SLC,	,3
Cay,	,3
LLN,	,3
Hel,	,3
Pur,	,3
MCE,	,3
Tin,	,3
LA-,	,3
E-S,	,3
MEA,	,3
Shr,	,3
Dot,	,3
Tol,	,3
NMI,	,3
Exc,	,3
Fal,	,3
CDO,	,3
VT ,	,3
ATA,	,3
UK ,	,3
Dah,	,3
DSC,	,3
82n,	,3
B&W,	,3
Ket,	,3
HCC,	,3
OMH,	,3
DIT,	,3
Mun,	,3
ADH,	,3
ACF,	,3
Fox,	,3
Pie,	,3
Oma,	,3
922,	,3
MIS,	,3
DMH,	,3
DMD,	,3
DCN,	,3
DSH,	,3
Cli,	,3
Coa,	,3
AST,	,3
CSH,	,3
Goo,	,3
DMO,	,3
DPA,	,3
PRA,	,3
DAR,	,3
OAC,	,3
MWD,	,3
ATT,	,3
Abi,	,3
CRI,	,3
SRI,	,3
KY ,	,3
Cro,	,3
One,	,3
FOR,	,3
DEL,	,3
WSD,	,3
Dee,	,3
AAR,	,3
Ith,	,3
Ess,	,3
DAS,	,3
FNS,	,3
GSI,	,3
Ear,	,3
AAI,	,3
GCR,	,3
Bor,	,3
JTA,	,3
U. ,	,3
OPP,	,3
UMD,	,3
DTC,	,3
FLD,	,3
Pho,	,3
SRN,	,3
ACU,	,3
SLU,	,3
Bab,	,3
Juv,	,3
LCM,	,3
ASD,	,3
OSB,	,3
VAE,	,3
Mit,	,3
BAM,	,3
TSM,	,3
Rou,	,3
OAS,	,3
TEX,	,3
9th,	,3
Thi,	,3
JCS,	,3
DMI,	,3
DRA,	,3
IT ,	,3
NEX,	,3
CDP,	,3
Luc,	,3
CIC,	,3
FAL,	,3
FDA,	,3
AVC,	,3
NAD,	,3
"""Wa",	,3
HP/,	,3
Ell,	,3
LEX,	,3
902,	,3
Nob,	,3
LMP,	,3
SEW,	,3
Qui,	,3
DRR,	,3
HP-,	,3
Lie,	,3
MPR,	,3
Tek,	,3
Oil,	,3
God,	,3
Lei,	,3
Thr,	,3
Sel,	,3
SJC,	,3
Dre,	,3
Aca,	,3
W-J,	,3
APL,	,3
SNC,	,3
Fay,	,3
Tan,	,3
PCC,	,3
INF,	,3
Set,	,3
Ret,	,3
SOL,	,3
SFC,	,3
AKO,	,3
BEA,	,3
UDS,	,3
CAV,	,3
Kil,	,3
IAD,	,3
DWS,	,3
Ara,	,4
Boa,	,4
Aeg,	,4
GEO,	,4
Ger,	,4
MCT,	,4
IBM,	,4
COC,	,4
SCO,	,4
FMS,	,4
Cov,	,4
PRO,	,4
IWS,	,4
Lor,	,4
MTS,	,4
WCC,	,4
GDC,	,4
JMS,	,4
MOD,	,4
APG,	,4
PMA,	,4
Pue,	,4
McC,	,4
Eur,	,4
Ide,	,4
NRC,	,4
AHR,	,4
Wyo,	,4
Hon,	,4
CAN,	,4
JPS,	,4
NIT,	,4
UCA,	,4
Moh,	,4
SOU,	,4
AL ,	,4
HRS,	,4
Age,	,4
Ker,	,4
TEC,	,4
SUP,	,4
UMa,	,4
Hop,	,4
PD ,	,4
MCI,	,4
GS ,	,4
USE,	,4
Roa,	,4
JIE,	,4
SAM,	,4
IDE,	,4
UW ,	,4
NIO,	,4
Uof,	,4
SIA,	,4
WAR,	,4
BIT,	,4
CCW,	,4
Blo,	,4
ITA,	,4
Wic,	,4
Day,	,4
Kee,	,4
Tam,	,4
CCI,	,4
OCS,	,4
NJV,	,4
Sam,	,4
SF ,	,4
ARN,	,4
AFE,	,4
Key,	,4
Ori,	,4
MAC,	,4
EUR,	,4
NEW,	,4
JIO,	,4
DRD,	,4
Gei,	,4
Laf,	,4
MCA,	,4
Mau,	,4
Emo,	,4
Fut,	,4
ITE,	,4
UAE,	,4
UNT,	,4
Mob,	,4
TAC,	,4
Cub,	,4
OUS,	,4
Chu,	,4
HI ,	,4
HSS,	,4
CSD,	,4
SOF,	,4
SCI,	,4
FLC,	,4
NCR,	,4
NCA,	,4
HQ ,	,4
Abe,	,4
NSF,	,4
NGS,	,4
Fro,	,4
Ram,	,4
HIT,	,4
AFI,	,4
NDU,	,4
ARS,	,4
Nig,	,4
ERS,	,4
WHS,	,4
HPE,	,4
NCS,	,4
USO,	,4
RSA,	,4
NRL,	,4
Spi,	,4
SOA,	,4
Max,	,4
ABI,	,4
NCM,	,4
Hyd,	,4
MST,	,4
Rea,	,4
SCA,	,4
Rol,	,4
IDO,	,4
STL,	,4
926,	,4
PMR,	,4
Orb,	,4
NIA,	,4
Nev,	,4
GOV,	,4
Swi,	,4
Far,	,4
SRP,	,4
Tus,	,4
AFT,	,4
791,	,4
Aug,	,4
CNI,	,4
Q1 ,	,4
IDA,	,4
Sur,	,4
Jap,	,4
Cos,	,4
Tuc,	,4
SI-,	,4
Bou,	,4
Dyn,	,4
DPS,	,4
NWC,	,4
ENS,	,4
OSH,	,4
OCA,	,4
NSS,	,4
Cir,	,4
Sma,	,4
Wau,	,4
Too,	,4
ALS,	,4
SEN,	,4
Buf,	,4
CST,	,4
May,	,4
Orl,	,4
Wea,	,4
CSE,	,4
VHA,	,4
Des,	,4
Cob,	,4
CHI,	,4
AFW,	,4
ICF,	,4
Son,	,4
Gua,	,4
FMC,	,4
NTI,	,4
SEP,	,4
DSD,	,4
ITO,	,4
NOS,	,4
Act,	,4
FRT,	,4
VIT,	,4
Arn,	,4
BAH,	,4
NST,	,4
GBS,	,4
CSA,	,4
SDC,	,4
ADM,	,4
UCI,	,4
Yum,	,4
HPC,	,4
ABC,	,4
Big,	,4
Soc,	,4
Bry,	,4
PWG,	,4
Eag,	,4
NSO,	,4
IC ,	,4
USH,	,4
Aut,	,4
AWA,	,4
Gol,	,5
DCA,	,5
Lex,	,5
BOE,	,5
Lau,	,5
Jam,	,5
Det,	,5
LMI,	,5
Edu,	,5
Arg,	,5
Rus,	,5
SBI,	,5
ACE,	,5
ESC,	,5
ICE,	,5
FRC,	,5
CAS,	,5
JFC,	,5
Lee,	,5
Arl,	,5
MAF,	,5
AR ,	,5
DTS,	,5
ASA,	,5
UCO,	,5
CRA,	,5
MCS,	,5
BAC,	,5
CSI,	,5
DeV,	,5
CDM,	,5
JIT,	,5
Cho,	,5
Lif,	,5
CAM,	,5
NG ,	,5
MET,	,5
TSA,	,5
Sul,	,5
MA-,	,5
Ash,	,5
APC,	,5
Lab,	,5
WY ,	,5
CSR,	,5
MTC,	,5
Ath,	,5
Lar,	,5
Exe,	,5
ADF,	,5
Pre,	,5
Spr,	,5
F-1,	,5
"""Ci",	,5
ESD,	,5
IMC,	,5
Lew,	,5
Pha,	,5
NOC,	,5
Elk,	,5
513,	,5
Iro,	,5
ITS,	,5
IN ,	,5
CON,	,5
Civ,	,5
Fle,	,5
Boi,	,5
SMS,	,5
NAI,	,5
Cur,	,5
Rev,	,5
NES,	,5
TRE,	,5
Apo,	,5
How,	,5
Mod,	,5
FHL,	,5
AT&,	,5
RIT,	,5
Non,	,5
JSO,	,5
Qua,	,5
SDS,	,5
Whe,	,5
Low,	,5
UTA,	,5
SWA,	,5
EAS,	,5
Ope,	,5
SBC,	,5
Moo,	,5
Lin,	,5
Mes,	,5
IDS,	,5
Hur,	,5
Cat,	,5
Pos,	,5
"""St",	,5
FDI,	,5
EDU,	,5
Scr,	,5
NIS,	,5
Lib,	,5
ASR,	,5
IND,	,5
GPS,	,5
Mul,	,5
CHE,	,5
Gal,	,5
CBP,	,5
Ant,	,5
Dev,	,5
Tem,	,5
TTU,	,5
PER,	,5
LSU,	,5
AAF,	,5
Ros,	,5
TEL,	,5
CCC,	,5
Mad,	,5
Wel,	,5
LMS,	,5
Tru,	,5
AFC,	,5
Tes,	,5
CIR,	,5
UST,	,5
Kor,	,5
SAF,	,6
DEA,	,6
NCC,	,6
NDE,	,6
Kno,	,6
El ,	,6
Mac,	,6
CEC,	,6
Ren,	,6
NCT,	,6
App,	,6
FIS,	,6
Ful,	,6
GD-,	,6
Imp,	,6
c/o,	,6
HII,	,6
Loy,	,6
Ven,	,6
HAR,	,6
Dak,	,6
OSU,	,6
Roy,	,6
Pla,	,6
Eme,	,6
Gro,	,6
Pat,	,6
Her,	,6
LAD,	,6
IA ,	,6
US-,	,6
Val,	,6
NEC,	,6
NYU,	,6
CAC,	,6
Hum,	,6
Bus,	,6
DHA,	,6
DEC,	,6
Lea,	,6
TRI,	,6
SCC,	,6
La ,	,6
Ass,	,6
DCP,	,6
NCE,	,6
Hol,	,6
MAS,	,6
Bos,	,6
Pim,	,6
Way,	,6
Jus,	,6
ISS,	,6
DLA,	,6
Inv,	,6
Boo,	,6
Sac,	,6
Pit,	,6
Kir,	,6
DoE,	,6
Tha,	,6
Eri,	,6
Eve,	,6
NNS,	,6
CIS,	,6
Ada,	,6
Ene,	,6
INS,	,6
CPS,	,6
DCC,	,6
Dar,	,6
Nex,	,7
Bre,	,7
Sau,	,7
Dou,	,7
VA-,	,7
ACC,	,7
UCS,	,7
Wak,	,7
ASC,	,7
SSA,	,7
"""Un",	,7
GCC,	,7
Emp,	,7
Vis,	,7
RTM,	,7
Bow,	,7
Rad,	,7
Gul,	,7
NV ,	,7
AFN,	,7
MTA,	,7
BCS,	,7
Vet,	,7
Pas,	,7
Web,	,7
TAS,	,7
Gwi,	,7
EU=,	,7
JTF,	,7
CGI,	,7
Eng,	,7
Adv,	,7
Exp,	,7
AIT,	,7
MIC,	,7
Sno,	,7
Emb,	,7
HP ,	,7
Sar,	,7
Spe,	,7
MT ,	,7
CSS,	,7
Xer,	,7
Hal,	,7
KS ,	,7
Bio,	,7
COL,	,7
MS ,	,7
Wat,	,7
Ott,	,7
Fis,	,7
Ben,	,7
Mus,	,7
Sys,	,7
Buc,	,7
UVA,	,7
DCS,	,8
DFA,	,8
NGI,	,8
NCD,	,8
Ser,	,8
Cus,	,8
STA,	,8
JSC,	,8
DRS,	,8
JSF,	,8
ARC,	,8
Sun,	,8
PM ,	,8
Avi,	,8
Glo,	,8
Bec,	,8
Ric,	,8
Cas,	,8
DE ,	,8
Wis,	,8
ID ,	,8
Liv,	,8
Rob,	,8
SAN,	,8
STR,	,8
OCI,	,8
CA-,	,8
Str,	,8
CCS,	,8
Fer,	,8
Bal,	,8
CAL,	,8
Nov,	,8
AME,	,8
928,	,8
CUN,	,8
Sim,	,8
Mer,	,8
RI ,	,8
Ann,	,8
NMC,	,8
ITT,	,8
Wyl,	,8
Bet,	,8
USB,	,8
HUD,	,8
Arc,	,8
Neb,	,8
Ent,	,8
AMS,	,8
FED,	,8
Ced,	,8
Mai,	,8
Clo,	,8
JHU,	,8
OK ,	,8
Cri,	,8
Jud,	,8
Smi,	,9
Env,	,9
Dat,	,9
Phi,	,9
Dis,	,9
Tea,	,9
DOL,	,9
CEN,	,9
SI ,	,9
Mem,	,9
Sky,	,9
USS,	,9
MDA,	,9
LAC,	,9
MI ,	,9
UNI,	,9
MED,	,9
MPO,	,9
WV ,	,9
PAC,	,9
AMR,	,9
L3 ,	,9
Sto,	,9
GDI,	,9
St ,	,9
GCS,	,9
SSC,	,9
933,	,9
Yor,	,9
Blu,	,9
NOR,	,9
Bea,	,9
UCL,	,9
Sea,	,9
USF,	,9
Log,	,9
But,	,9
Pol,	,10
AFL,	,10
SUN,	,10
Wri,	,10
Van,	,10
Tho,	,10
Ont,	,10
Ran,	,10
TRA,	,10
Wor,	,10
Sav,	,10
Foo,	,10
AFS,	,10
INT,	,10
Pea,	,10
Ban,	,10
Fir,	,10
MCC,	,10
Fre,	,10
Rho,	,10
Hun,	,10
Ark,	,10
NH ,	,10
DEP,	,10
SRA,	,10
Pra,	,10
Ele,	,10
Sie,	,10
Div,	,10
Law,	,10
Pin,	,10
Whi,	,10
SEC,	,10
Dal,	,10
FSI,	,11
DoD,	,11
Bat,	,11
NAW,	,11
Iow,	,11
SLG,	,11
IRS,	,11
TX-,	,11
Tor,	,11
Riv,	,11
Haw,	,11
Bra,	,11
Tel,	,11
Bel,	,11
NSA,	,11
Res,	,11
Sco,	,11
Acc,	,11
Ins,	,11
AFM,	,11
Agr,	,11
NCI,	,11
Tul,	,11
Sal,	,11
EPA,	,11
Atl,	,11
Sem,	,11
IC-,	,11
MHS,	,11
U o,	,11
Nas,	,12
SSI,	,12
USN,	,12
Ham,	,12
Aer,	,12
Sas,	,12
BAE,	,12
Tar,	,12
Bla,	,12
Ver,	,12
DHH,	,12
AF-,	,12
War,	,12
AMC,	,12
Sup,	,12
Wil,	,12
USG,	,12
ANG,	,12
She,	,12
Dav,	,12
All,	,12
NGA,	,12
Han,	,12
MO ,	,12
Cyb,	,13
WI ,	,13
NIC,	,13
Vil,	,13
USP,	,13
AOC,	,13
Wal,	,13
NUW,	,13
Sol,	,13
OR ,	,13
SLE,	,13
Que,	,13
Aus,	,13
Sen,	,13
Mou,	,13
Ora,	,13
923,	,13
Mor,	,13
Hen,	,13
UNC,	,13
Hig,	,14
Win,	,14
Gre,	,14
ACS,	,14
Sai,	,14
Fin,	,14
Lon,	,14
NET,	,14
Mia,	,14
SOC,	,14
MAR,	,14
"""EU",	,14
Per,	,14
Ft ,	,14
937,	,14
COM,	,15
Gra,	,15
Fra,	,15
Hou,	,15
BC ,	,15
DCG,	,15
Adm,	,15
CIT,	,15
NAT,	,15
WIN,	,15
Leg,	,15
CT ,	,15
WA ,	,15
Pac,	,15
Cle,	,15
CSU,	,16
L-3,	,16
Loc,	,16
CMS,	,16
Los,	,16
935,	,16
Ten,	,16
Red,	,16
Tra,	,16
Uta,	,16
Fai,	,16
GSA,	,16
Ste,	,16
925,	,16
Sch,	,17
OSD,	,17
IL ,	,17
Oak,	,17
Bay,	,17
DC ,	,17
TN ,	,17
Lak,	,17
Jef,	,17
Bri,	,17
Okl,	,17
Hil,	,17
Ill,	,17
Par,	,17
Lou,	,18
Lan,	,18
UT ,	,18
Sha,	,18
UC ,	,18
Cam,	,18
Kin,	,18
Cor,	,18
Sec,	,18
HQ-,	,18
CIV,	,18
Roc,	,19
AFR,	,19
GD ,	,19
Ore,	,19
SIS,	,20
Ari,	,20
Med,	,20
Jac,	,20
Pal,	,20
USC,	,20
Pub,	,20
Ken,	,21
Cha,	,21
Ame,	,21
AF ,	,21
Ber,	,21
VIS,	,21
MIT,	,21
AZ ,	,22
Cap,	,22
921,	,22
Pri,	,22
CO ,	,22
Mic,	,22
Net,	,22
Tec,	,22
SAI,	,22
924,	,22
Boe,	,22
OH ,	,22
ARM,	,23
Che,	,23
Ida,	,23
Mid,	,23
929,	,24
FAA,	,25
Mas,	,25
DOS,	,25
Den,	,25
Pen,	,26
Joh,	,26
Ohi,	,26
Cla,	,26
NM ,	,26
DOJ,	,26
Mil,	,26
USM,	,26
Alb,	,27
Por,	,27
DOI,	,27
Del,	,28
NJ ,	,28
St.,	,29
Pro,	,29
DOC,	,30
DOT,	,30
Vir,	,30
Man,	,31
Min,	,31
Spa,	,31
930,	,31
CSC,	,32
DIS,	,32
FBI,	,32
NGC,	,32
Tre,	,32
MD ,	,32
Reg,	,33
NSW,	,33
PA ,	,33
Gen,	,33
Gov,	,33
Mon,	,34
MN ,	,34
Kan,	,35
Hea,	,35
Car,	,35
Inf,	,35
Eas,	,35
NOA,	,35
Ft.,	,36
Tow,	,37
Bro,	,37
Met,	,37
FRB,	,37
MA ,	,37
Chi,	,38
Geo,	,39
NC ,	,39
U.S,	,39
Bur,	,39
HHS,	,40
Ala,	,41
SC ,	,41
932,	,41
Can,	,42
936,	,42
GA ,	,43
Cen,	,43
Def,	,44
Joi,	,45
Flo,	,45
SPA,	,46
Ind,	,46
LA ,	,47
VA ,	,49
Mis,	,49
Ray,	,49
Was,	,50
Air,	,51
NAV,	,51
NIH,	,52
Con,	,52
LMC,	,52
931,	,53
FL ,	,53
Cal,	,53
Int,	,54
NYS,	,58
NYC,	,59
PEO,	,59
USD,	,60
For,	,62
Har,	,62
Off,	,62
Fed,	,67
DOE,	,67
EU ,	,68
Wes,	,69
NY ,	,70
Sou,	,74
Mar,	,75
DOD,	,77
San,	,77
Tex,	,79
Cou,	,82
New,	,83
Com,	,89
Nat,	,90
NAS,	,92
The,	,92
Tri,	,94
DHS,	,96
Col,	,97
TX ,	,103
Nor,	,109
CA ,	,116
Arm,	,140
Nav,	,147
USA,	,148
Dep,	,182
Sta,	,254
US ,	,291
Uni,	,378
Cit,	,391
