AFB Gunter,1
AFB Hanscom,1
AFB Ramstein,6
Administrative,1874
Agriculture,2075
Airforce,5027
Airforce Research Labs,324
Alfresco Registered,4
Analyst,16348
Apple Users,212
Archives,889
Army,19906
Asset Management,2006
Axway Registered,2
Banking,3743
Big Data,2241
BlackMesh_x002C_ Inc. Registered,3
Blue Cross Blue Shield,427
Bromium Event Attendee,1
Bromium Registered,3
Budget,2236
Business Intelligence,5391
C Level,74291
CC Holder,6997
CJIS,235
Canada,35610
Canada Ottawa,835
Canada Toronto,969
Citizen Engagement,4207
Citizen Services,181
Civilian,26884
Clerks,17224
Cloud,2195
Cloud Computing,41
Coast Guard,17
CollabNet Event Attendee,2
CollabNet Registered,2
Collaboration,3406
Commercial,227687
Communication,1189
Community Development,2707
Compliance,1945
Construction,64
Corrections,907
County,46063
Courts,320
Cyber Security,7099
Cybersecurity,3
DC MD VA,165690
DC MD VA Open Source,4278
DC MD VA Vmware,10651
DCO,15128
Data Center,3846
Database administration,6293
Digital Publishing,943
Disaster Recovery,959
EMC Registered,6
ERP Systems,8432
Education,58462
Emergency Management,5498
Engineering,250
Enterprise Architecture,4761
Environment,8550
F5 Networks_x002C_ Inc. Event Attendee,6
F5 Networks_x002C_ Inc. Registered,12
Federal,132848
Fire Department,2639
FireEye Event Attendee,2
FireEye Registered,2
First Responder,22000
Fleet,532
Fraud,24
GIS,54100
GeoNorth Event Attendee,3
GeoNorth Registered,10
Google Event Attendee,9
Google Registered,44
Hadoop,485
Health Care,14
Healthcare,19081
Help Desk,1371
Hewlett Packard Enterprise Event Attendee,2
Hewlett Packard Enterprise Registered,5
Higher Ed,43661
Hospital,816
Human Resources,28576
Humanities,1066
IC,30829
IT,96800
ITSM,848
Imperva Registered,4
Information Security,3414
Infrastructure,10181
Insurance,2724
International Relations,2952
Labor,633
Laboratory,2246
Law Enforcement,80433
Library,454
Liquidware Labs Registered,1
Manufacturing,3965
Marines,2163
Media,1248
Mining,798
Mobility,1143
Municipal,142690
Navy,15071
Networking,3955
Non-Profit,1234
Nuclear,797
Nutanix Registered,1
Nutrition,2631
Oil _x0026_ Gas,886
Open Source,4830
Oracle,1570
Parks,105
Partner,3
Pharmaceutical,1216
Pivotal Registered,2
Postal,50
Procurement,15764
Professional Services,723
Project Management,1229
Property Management,646
Public Relations,275
Public Works,23086
Quality Assurance,176
RSA Security Registered,3
Red Hat Registered,3
Research,828
Retail,1888
Retirement,623
SAP NS2 Registered,1
SLED,4
SLG,412613
Sales and Marketing,15589
Salesforce.com Event Attendee,1
Salesforce.com Registered,1
Security,12528
Social Services,1605
Splunk Registered,2
State,111351
Storage,3911
Superintendent,2510
System Integrator,15375
Tax,6710
Technical,53
Telecom,4066
Telework,66
Top Prime Contractors,535
Trade,709
Transportation,9604
Tribes,15
Trustwave Registered,4
Utility,8131
VDI,308
VMware Registered,17
Veterans,884
Video,103
Virtualization,23599
Web Development,3334
application Development,14468
consumer Products,2200
contracts,43746
defense,253
dod,47413
eCommerce,250
eLearning,1661
elected/appointed official,83712
energy,4999
financial,37951
ikeGPS Registered,1
intel,171
legal,3712
leisure,681
non US,313
prime contractor,877
restaurant,81
